MEDIO,A,B,MIN,MAX,decay
Televisión,7.091114787,270163.8599,183359.5768,421967.2358,0.4
Online,6.571585223,62164.76381,38488.03122,110009.0971,0.2
Prensa,6.779516794,105752.5395,71820.20725,165047.6584,0.2
Radio,6.18270522,64579.77595,43419.72799,102131.3559,0.15
Exterior,4.168857373,26693.37017,20854.44233,34971.98656,0.3
